date	goal	result
2026-07-14T21:27	modules-import-clean	PASS
2026-07-14T21:27	reject-relationship-cycles	PASS
2026-07-15T07:32	modules-import-clean	PASS
2026-07-15T07:32	reject-relationship-cycles	PASS
2026-07-16T07:36	modules-import-clean	PASS
2026-07-16T07:36	reject-relationship-cycles	PASS
2026-07-17T07:38	modules-import-clean	PASS
2026-07-17T07:38	reject-relationship-cycles	PASS
2026-07-18T07:30	modules-import-clean	PASS
2026-07-18T07:30	reject-relationship-cycles	PASS
2026-07-19T07:31	modules-import-clean	PASS
2026-07-19T07:31	reject-relationship-cycles	PASS
2026-07-20T07:35	modules-import-clean	PASS
2026-07-20T07:35	reject-relationship-cycles	PASS
2026-07-21T07:43	modules-import-clean	PASS
2026-07-21T07:43	reject-relationship-cycles	PASS
2026-07-22T07:32	modules-import-clean	PASS
2026-07-22T07:32	reject-relationship-cycles	PASS
2026-07-23T07:30	modules-import-clean	PASS
2026-07-23T07:30	reject-relationship-cycles	PASS
